{
    "name": "root",
    "gauges": {
        "Racer.Policy.Entropy.mean": {
            "value": 1.2867282629013062,
            "min": 1.2867281436920166,
            "max": 1.420974612236023,
            "count": 180
        },
        "Racer.Policy.Entropy.sum": {
            "value": 6486.39697265625,
            "min": 6383.45849609375,
            "max": 7118.72314453125,
            "count": 180
        },
        "Racer.Environment.EpisodeLength.mean": {
            "value": 57.55294117647059,
            "min": 17.419117647058822,
            "max": 286.0,
            "count": 179
        },
        "Racer.Environment.EpisodeLength.sum": {
            "value": 4892.0,
            "min": 2482.0,
            "max": 5148.0,
            "count": 179
        },
        "Racer.Step.mean": {
            "value": 899981.0,
            "min": 4975.0,
            "max": 899981.0,
            "count": 180
        },
        "Racer.Step.sum": {
            "value": 899981.0,
            "min": 4975.0,
            "max": 899981.0,
            "count": 180
        },
        "Racer.Policy.ExtrinsicValueEstimate.mean": {
            "value": -0.6869728565216064,
            "min": -4.186690807342529,
            "max": -0.608413815498352,
            "count": 180
        },
        "Racer.Policy.ExtrinsicValueEstimate.sum": {
            "value": -78.31490325927734,
            "min": -1088.53955078125,
            "max": -72.0838623046875,
            "count": 180
        },
        "Racer.Environment.CumulativeReward.mean": {
            "value": -0.450930256851364,
            "min": -1.9229411868488087,
            "max": 0.08611108197106256,
            "count": 179
        },
        "Racer.Environment.CumulativeReward.sum": {
            "value": -38.780002089217305,
            "min": -523.040002822876,
            "max": 1.549999475479126,
            "count": 179
        },
        "Racer.Policy.ExtrinsicReward.mean": {
            "value": -0.450930256851364,
            "min": -1.9229411868488087,
            "max": 0.08611108197106256,
            "count": 179
        },
        "Racer.Policy.ExtrinsicReward.sum": {
            "value": -38.780002089217305,
            "min": -523.040002822876,
            "max": 1.549999475479126,
            "count": 179
        },
        "Racer.IsTraining.mean": {
            "value": 1.0,
            "min": 1.0,
            "max": 1.0,
            "count": 180
        },
        "Racer.IsTraining.sum": {
            "value": 1.0,
            "min": 1.0,
            "max": 1.0,
            "count": 180
        },
        "Racer.Losses.PolicyLoss.mean": {
            "value": 0.02052795006117473,
            "min": 0.009510923875495791,
            "max": 0.025411441922187805,
            "count": 54
        },
        "Racer.Losses.PolicyLoss.sum": {
            "value": 0.02052795006117473,
            "min": 0.009510923875495791,
            "max": 0.025411441922187805,
            "count": 54
        },
        "Racer.Losses.ValueLoss.mean": {
            "value": 0.6831053967277209,
            "min": 0.14046040208389363,
            "max": 1.0243361244599025,
            "count": 54
        },
        "Racer.Losses.ValueLoss.sum": {
            "value": 0.6831053967277209,
            "min": 0.14046040208389363,
            "max": 1.0243361244599025,
            "count": 54
        },
        "Racer.Policy.LearningRate.mean": {
            "value": 3.4185988604699994e-05,
            "min": 3.4185988604699994e-05,
            "max": 0.00029508210163929995,
            "count": 54
        },
        "Racer.Policy.LearningRate.sum": {
            "value": 3.4185988604699994e-05,
            "min": 3.4185988604699994e-05,
            "max": 0.00029508210163929995,
            "count": 54
        },
        "Racer.Policy.Epsilon.mean": {
            "value": 0.11139530000000002,
            "min": 0.11139530000000002,
            "max": 0.19836069999999997,
            "count": 54
        },
        "Racer.Policy.Epsilon.sum": {
            "value": 0.11139530000000002,
            "min": 0.11139530000000002,
            "max": 0.19836069999999997,
            "count": 54
        },
        "Racer.Policy.Beta.mean": {
            "value": 0.0005,
            "min": 0.0005,
            "max": 0.0005,
            "count": 54
        },
        "Racer.Policy.Beta.sum": {
            "value": 0.0005,
            "min": 0.0005,
            "max": 0.0005,
            "count": 54
        }
    },
    "metadata": {
        "timer_format_version": "0.1.0",
        "start_time_seconds": "1717774611",
        "python_version": "3.9.19 (main, Mar 21 2024, 17:21:27) [MSC v.1916 64 bit (AMD64)]",
        "command_line_arguments": "C:\\ProgramData\\anaconda3\\envs\\ML\\Scripts\\mlagents-learn config/rollerball_config.yaml --run-id=Racer",
        "mlagents_version": "0.30.0",
        "mlagents_envs_version": "0.30.0",
        "communication_protocol_version": "1.5.0",
        "pytorch_version": "1.7.1+cu110",
        "numpy_version": "1.21.2",
        "end_time_seconds": "1717781618"
    },
    "total": 7007.1187432,
    "count": 1,
    "self": 0.005872799999451672,
    "children": {
        "run_training.setup": {
            "total": 0.0801419000000001,
            "count": 1,
            "self": 0.0801419000000001
        },
        "TrainerController.start_learning": {
            "total": 7007.0327285,
            "count": 1,
            "self": 14.724196399738503,
            "children": {
                "TrainerController._reset_env": {
                    "total": 29.347102,
                    "count": 1,
                    "self": 29.347102
                },
                "TrainerController.advance": {
                    "total": 6962.921412800262,
                    "count": 920908,
                    "self": 12.031935599883582,
                    "children": {
                        "env_step": {
                            "total": 6728.145654999986,
                            "count": 920908,
                            "self": 5495.715953199671,
                            "children": {
                                "SubprocessEnvManager._take_step": {
                                    "total": 1222.964129300002,
                                    "count": 920909,
                                    "self": 43.77485189992717,
                                    "children": {
                                        "TorchPolicy.evaluate": {
                                            "total": 1179.1892774000748,
                                            "count": 900563,
                                            "self": 1179.1892774000748
                                        }
                                    }
                                },
                                "workers": {
                                    "total": 9.465572500312025,
                                    "count": 920907,
                                    "self": 0.0,
                                    "children": {
                                        "worker_root": {
                                            "total": 6943.424174299742,
                                            "count": 920907,
                                            "is_parallel": true,
                                            "self": 2074.1278578998235,
                                            "children": {
                                                "steps_from_proto": {
                                                    "total": 0.0004605000000017512,
                                                    "count": 2,
                                                    "is_parallel": true,
                                                    "self": 0.0001687999999990808,