{
    "name": "root",
    "gauges": {
        "Racer.Policy.Entropy.mean": {
            "value": 1.39363694190979,
            "min": 1.39363694190979,
            "max": 1.3988721370697021,
            "count": 7
        },
        "Racer.Policy.Entropy.sum": {
            "value": 2813.7529296875,
            "min": 1485.60205078125,
            "max": 2814.094482421875,
            "count": 7
        },
        "Racer.Environment.EpisodeLength.mean": {
            "value": 60.26470588235294,
            "min": 26.575342465753426,
            "max": 60.26470588235294,
            "count": 7
        },
        "Racer.Environment.EpisodeLength.sum": {
            "value": 2049.0,
            "min": 1030.0,
            "max": 2049.0,
            "count": 7
        },
        "Racer.Step.mean": {
            "value": 127967.0,
            "min": 115978.0,
            "max": 127967.0,
            "count": 7
        },
        "Racer.Step.sum": {
            "value": 127967.0,
            "min": 115978.0,
            "max": 127967.0,
            "count": 7
        },
        "Racer.Policy.ExtrinsicValueEstimate.mean": {
            "value": -1.4266568422317505,
            "min": -1.4829744100570679,
            "max": -1.4237967729568481,
            "count": 7
        },
        "Racer.Policy.ExtrinsicValueEstimate.sum": {
            "value": -72.7594985961914,
            "min": -109.35958099365234,
            "max": -47.255977630615234,
            "count": 7
        },
        "Racer.Environment.CumulativeReward.mean": {
            "value": -1.0787878479018356,
            "min": -1.5630136894649023,
            "max": -1.0787878479018356,
            "count": 7
        },
        "Racer.Environment.CumulativeReward.sum": {
            "value": -35.599998980760574,
            "min": -114.09999933093786,
            "max": -35.599998980760574,
            "count": 7
        },
        "Racer.Policy.ExtrinsicReward.mean": {
            "value": -1.0787878479018356,
            "min": -1.5630136894649023,
            "max": -1.0787878479018356,
            "count": 7
        },
        "Racer.Policy.ExtrinsicReward.sum": {
            "value": -35.599998980760574,
            "min": -114.09999933093786,
            "max": -35.599998980760574,
            "count": 7
        },
        "Racer.IsTraining.mean": {
            "value": 1.0,
            "min": 1.0,
            "max": 1.0,
            "count": 7
        },
        "Racer.IsTraining.sum": {
            "value": 1.0,
            "min": 1.0,
            "max": 1.0,
            "count": 7
        },
        "Racer.Losses.PolicyLoss.mean": {
            "value": 0.013356268677550057,
            "min": 0.013356268677550057,
            "max": 0.029784897885595758,
            "count": 3
        },
        "Racer.Losses.PolicyLoss.sum": {
            "value": 0.013356268677550057,
            "min": 0.013356268677550057,
            "max": 0.029784897885595758,
            "count": 3
        },
        "Racer.Losses.ValueLoss.mean": {
            "value": 0.15382406363884607,
            "min": 0.05078605252007643,
            "max": 0.15382406363884607,
            "count": 3
        },
        "Racer.Losses.ValueLoss.sum": {
            "value": 0.15382406363884607,
            "min": 0.05078605252007643,
            "max": 0.15382406363884607,
            "count": 3
        },
        "Racer.Policy.LearningRate.mean": {
            "value": 0.00022363862545379996,
            "min": 0.00022363862545379996,
            "max": 0.00022856702381099996,
            "count": 3
        },
        "Racer.Policy.LearningRate.sum": {
            "value": 0.00022363862545379996,
            "min": 0.00022363862545379996,
            "max": 0.00022856702381099996,
            "count": 3
        },
        "Racer.Policy.Epsilon.mean": {
            "value": 0.1745462,
            "min": 0.1745462,
            "max": 0.176189,
            "count": 3
        },
        "Racer.Policy.Epsilon.sum": {
            "value": 0.1745462,
            "min": 0.1745462,
            "max": 0.176189,
            "count": 3
        },
        "Racer.Policy.Beta.mean": {
            "value": 0.0005000000000000001,
            "min": 0.0005000000000000001,
            "max": 0.0005000000000000001,
            "count": 3
        },
        "Racer.Policy.Beta.sum": {
            "value": 0.0005000000000000001,
            "min": 0.0005000000000000001,
            "max": 0.0005000000000000001,
            "count": 3
        }
    },
    "metadata": {
        "timer_format_version": "0.1.0",
        "start_time_seconds": "1717493495",
        "python_version": "3.9.19 (main, May  6 2024, 20:12:36) [MSC v.1916 64 bit (AMD64)]",
        "command_line_arguments": "C:\\Users\\elive\\anaconda3\\envs\\unit\\Scripts\\mlagents-learn config/rollerball_config.yaml --run-id=Racer --resume",
        "mlagents_version": "0.30.0",
        "mlagents_envs_version": "0.30.0",
        "communication_protocol_version": "1.5.0",
        "pytorch_version": "1.7.1+cu110",
        "numpy_version": "1.21.2",
        "end_time_seconds": "1717493628"
    },
    "total": 133.56165769999998,
    "count": 1,
    "self": 0.004003399999987778,
    "children": {
        "run_training.setup": {
            "total": 0.07359060000000006,
            "count": 1,
            "self": 0.07359060000000006
        },
        "TrainerController.start_learning": {
            "total": 133.4840637,
            "count": 1,
            "self": 0.17964569999998048,
            "children": {
                "TrainerController._reset_env": {
                    "total": 6.342295399999999,
                    "count": 1,
                    "self": 6.342295399999999
                },
                "TrainerController.advance": {
                    "total": 126.9166725,
                    "count": 15400,
                    "self": 0.1700761999996132,
                    "children": {
                        "env_step": {
                            "total": 124.18230440000045,
                            "count": 15400,
                            "self": 118.24723780000056,
                            "children": {
                                "SubprocessEnvManager._take_step": {
                                    "total": 5.819294700000007,
                                    "count": 15400,
                                    "self": 0.46190810000033,
                                    "children": {
                                        "TorchPolicy.evaluate": {
                                            "total": 5.357386599999677,
                                            "count": 15007,
                                            "self": 5.357386599999677
                                        }
                                    }
                                },
                                "workers": {
                                    "total": 0.11577189999988313,
                                    "count": 15399,
                                    "self": 0.0,
                                    "children": {
                                        "worker_root": {
                                            "total": 65.89879979999992,
                                            "count": 15399,
                                            "is_parallel": true,
                                            "self": 15.921943799999788,
                                            "children": {
                                                "steps_from_proto": {
                                                    "total": 0.0002377999999998437,
                                                    "count": 1,
                                                    "is_parallel": true,
                                                    "self": 8.409999999958728e-05,