{
    "name": "root",
    "gauges": {
        "Racer.Policy.Entropy.mean": {
            "value": 1.4106132984161377,
            "min": 1.4106131792068481,
            "max": 1.4106132984161377,
            "count": 2
        },
        "Racer.Policy.Entropy.sum": {
            "value": 2825.45849609375,
            "min": 1043.853759765625,
            "max": 2825.45849609375,
            "count": 2
        },
        "Racer.Environment.EpisodeLength.mean": {
            "value": 6.50187265917603,
            "min": 6.50187265917603,
            "max": 7.505747126436781,
            "count": 2
        },
        "Racer.Environment.EpisodeLength.sum": {
            "value": 1736.0,
            "min": 653.0,
            "max": 1736.0,
            "count": 2
        },
        "Racer.Step.mean": {
            "value": 67995.0,
            "min": 65993.0,
            "max": 67995.0,
            "count": 2
        },
        "Racer.Step.sum": {
            "value": 67995.0,
            "min": 65993.0,
            "max": 67995.0,
            "count": 2
        },
        "Racer.Policy.ExtrinsicValueEstimate.mean": {
            "value": -1.9728766679763794,
            "min": -1.9728766679763794,
            "max": -1.9192588329315186,
            "count": 2
        },
        "Racer.Policy.ExtrinsicValueEstimate.sum": {
            "value": -526.758056640625,
            "min": -526.758056640625,
            "max": -165.05625915527344,
            "count": 2
        },
        "Racer.Environment.CumulativeReward.mean": {
            "value": -1.798876360561071,
            "min": -1.798876360561071,
            "max": -1.6709301915279655,
            "count": 2
        },
        "Racer.Environment.CumulativeReward.sum": {
            "value": -480.2999882698059,
            "min": -480.2999882698059,
            "max": -143.69999647140503,
            "count": 2
        },
        "Racer.Policy.ExtrinsicReward.mean": {
            "value": -1.798876360561071,
            "min": -1.798876360561071,
            "max": -1.6709301915279655,
            "count": 2
        },
        "Racer.Policy.ExtrinsicReward.sum": {
            "value": -480.2999882698059,
            "min": -480.2999882698059,
            "max": -143.69999647140503,
            "count": 2
        },
        "Racer.IsTraining.mean": {
            "value": 1.0,
            "min": 1.0,
            "max": 1.0,
            "count": 2
        },
        "Racer.IsTraining.sum": {
            "value": 1.0,
            "min": 1.0,
            "max": 1.0,
            "count": 2
        }
    },
    "metadata": {
        "timer_format_version": "0.1.0",
        "start_time_seconds": "1717492254",
        "python_version": "3.9.19 (main, May  6 2024, 20:12:36) [MSC v.1916 64 bit (AMD64)]",
        "command_line_arguments": "C:\\Users\\elive\\anaconda3\\envs\\unit\\Scripts\\mlagents-learn config/rollerball_config.yaml --run-id=Racer --resume",
        "mlagents_version": "0.30.0",
        "mlagents_envs_version": "0.30.0",
        "communication_protocol_version": "1.5.0",
        "pytorch_version": "1.7.1+cu110",
        "numpy_version": "1.21.2",
        "end_time_seconds": "1717492297"
    },
    "total": 42.949897699999994,
    "count": 1,
    "self": 0.004034599999997113,
    "children": {
        "run_training.setup": {
            "total": 0.0664167,
            "count": 1,
            "self": 0.0664167
        },
        "TrainerController.start_learning": {
            "total": 42.8794464,
            "count": 1,
            "self": 0.05467589999997813,
            "children": {
                "TrainerController._reset_env": {
                    "total": 4.2478137,
                    "count": 1,
                    "self": 4.2478137
                },
                "TrainerController.advance": {
                    "total": 38.531768000000014,
                    "count": 4919,
                    "self": 0.05425159999985141,
                    "children": {
                        "env_step": {
                            "total": 37.30584570000008,
                            "count": 4919,
                            "self": 35.55930760000017,
                            "children": {
                                "SubprocessEnvManager._take_step": {
                                    "total": 1.7111852999999702,
                                    "count": 4919,
                                    "self": 0.13802660000007716,
                                    "children": {
                                        "TorchPolicy.evaluate": {
                                            "total": 1.573158699999893,
                                            "count": 4357,
                                            "self": 1.573158699999893
                                        }
                                    }
                                },
                                "workers": {
                                    "total": 0.03535279999994234,
                                    "count": 4918,
                                    "self": 0.0,
                                    "children": {
                                        "worker_root": {
                                            "total": 21.211802099999975,
                                            "count": 4918,
                                            "is_parallel": true,
                                            "self": 5.279310399999822,
                                            "children": {
                                                "steps_from_proto": {
                                                    "total": 0.0002377999999998437,
                                                    "count": 1,
                                                    "is_parallel": true,
                                                    "self": 8.829999999981908e-05,
                                                    "children": {
                                                        "_process_rank_one_or_two_observation": {
                                                            "total": 0.0001495000000000246,
                                                            "count": 2,
                                                            "is_parallel": true,
                                                            "self": 0.0001495000000000246
                                                        }
                                                    }
                                                },
                                                "UnityEnvironment.step": {
                                                    "total": 15.932253900000154,
                                                    "count": 4918,
                                                    "is_parallel": true,
                                                    "self": 0.19472489999994202,
                                                    "children": {
                                                        "UnityEnvironment._generate_step_input": {
                                                            "total": 0.14269390000001891,
                                                            "count": 4918,
                                                            "is_parallel": true,
                                                            "self": 0.14269390000001891
                                                        },
                                                        "communicator.exchange": {
                                                            "total": 15.13078910000013,
                                                            "count": 4918,
                                                            "is_parallel": true,