{
    "name": "root",
    "gauges": {
        "Racer.Policy.Entropy.mean": {
            "value": 1.1495308876037598,
            "min": 1.1495308876037598,
            "max": 1.289103388786316,
            "count": 146
        },
        "Racer.Policy.Entropy.sum": {
            "value": 5748.8037109375,
            "min": 5723.8701171875,
            "max": 6446.0576171875,
            "count": 146
        },
        "Racer.Environment.EpisodeLength.mean": {
            "value": 115.30232558139535,
            "min": 43.96396396396396,
            "max": 166.3,
            "count": 146
        },
        "Racer.Environment.EpisodeLength.sum": {
            "value": 4958.0,
            "min": 4554.0,
            "max": 5377.0,
            "count": 146
        },
        "Racer.Step.mean": {
            "value": 1124991.0,
            "min": 399970.0,
            "max": 1124991.0,
            "count": 146
        },
        "Racer.Step.sum": {
            "value": 1124991.0,
            "min": 399970.0,
            "max": 1124991.0,
            "count": 146
        },
        "Racer.Policy.ExtrinsicValueEstimate.mean": {
            "value": -0.3996029198169708,
            "min": -0.8847211599349976,
            "max": -0.00891028344631195,
            "count": 146
        },
        "Racer.Policy.ExtrinsicValueEstimate.sum": {
            "value": -39.96029281616211,
            "min": -111.42768859863281,
            "max": -0.9177591800689697,
            "count": 146
        },
        "Racer.Environment.CumulativeReward.mean": {
            "value": -0.15023259623625942,
            "min": -0.9087387586499119,
            "max": 0.5194443971849978,
            "count": 146
        },
        "Racer.Environment.CumulativeReward.sum": {
            "value": -6.460001638159156,
            "min": -100.87000221014023,
            "max": 18.69999829865992,
            "count": 146
        },
        "Racer.Policy.ExtrinsicReward.mean": {
            "value": -0.15023259623625942,
            "min": -0.9087387586499119,
            "max": 0.5194443971849978,
            "count": 146
        },
        "Racer.Policy.ExtrinsicReward.sum": {
            "value": -6.460001638159156,
            "min": -100.87000221014023,
            "max": 18.69999829865992,
            "count": 146
        },
        "Racer.IsTraining.mean": {
            "value": 1.0,
            "min": 1.0,
            "max": 1.0,
            "count": 146
        },
        "Racer.IsTraining.sum": {
            "value": 1.0,
            "min": 1.0,
            "max": 1.0,
            "count": 146
        },
        "Racer.Losses.PolicyLoss.mean": {
            "value": 0.018088120346268017,
            "min": 0.009471725711288551,
            "max": 0.021990944078424945,
            "count": 44
        },
        "Racer.Losses.PolicyLoss.sum": {
            "value": 0.018088120346268017,
            "min": 0.009471725711288551,
            "max": 0.021990944078424945,
            "count": 44
        },
        "Racer.Losses.ValueLoss.mean": {
            "value": 0.7718134050567945,
            "min": 0.6553088054060936,
            "max": 0.9791791662573814,
            "count": 44
        },
        "Racer.Losses.ValueLoss.sum": {
            "value": 0.7718134050567945,
            "min": 0.6553088054060936,
            "max": 0.9791791662573814,
            "count": 44
        },
        "Racer.Policy.LearningRate.mean": {
            "value": 0.00023295338234888003,
            "min": 0.00023295338234888003,
            "max": 0.00027529734823422,
            "count": 44
        },
        "Racer.Policy.LearningRate.sum": {
            "value": 0.00023295338234888003,
            "min": 0.00023295338234888003,
            "max": 0.00027529734823422,
            "count": 44
        },
        "Racer.Policy.Epsilon.mean": {
            "value": 0.17765112000000002,
            "min": 0.17765112000000002,
            "max": 0.19176578,
            "count": 44
        },
        "Racer.Policy.Epsilon.sum": {
            "value": 0.17765112000000002,
            "min": 0.17765112000000002,
            "max": 0.19176578,
            "count": 44
        },
        "Racer.Policy.Beta.mean": {
            "value": 0.0005,
            "min": 0.0005,
            "max": 0.0005,
            "count": 44
        },
        "Racer.Policy.Beta.sum": {
            "value": 0.0005,
            "min": 0.0005,
            "max": 0.0005,
            "count": 44
        }
    },
    "metadata": {
        "timer_format_version": "0.1.0",
        "start_time_seconds": "1718219088",
        "python_version": "3.9.19 (main, Mar 21 2024, 17:21:27) [MSC v.1916 64 bit (AMD64)]",
        "command_line_arguments": "C:\\ProgramData\\anaconda3\\envs\\ML\\Scripts\\mlagents-learn config/rollerball_config.yaml --run-id=Racer --resume",
        "mlagents_version": "0.30.0",
        "mlagents_envs_version": "0.30.0",
        "communication_protocol_version": "1.5.0",
        "pytorch_version": "1.7.1+cu110",
        "numpy_version": "1.21.2",
        "end_time_seconds": "1718224954"
    },
    "total": 5866.229448,
    "count": 1,
    "self": 0.0064148999999815715,
    "children": {
        "run_training.setup": {
            "total": 0.08774850000000001,
            "count": 1,
            "self": 0.08774850000000001
        },
        "TrainerController.start_learning": {
            "total": 5866.1352846,
            "count": 1,
            "self": 11.70233349991122,
            "children": {
                "TrainerController._reset_env": {
                    "total": 7.6788963,
                    "count": 1,
                    "self": 7.6788963
                },
                "TrainerController.advance": {
                    "total": 5846.6966227000885,
                    "count": 739021,
                    "self": 9.909043900248435,
                    "children": {
                        "env_step": {
                            "total": 5664.016885400034,
                            "count": 739021,
                            "self": 4634.918790400167,
                            "children": {
                                "SubprocessEnvManager._take_step": {
                                    "total": 1021.1385872002729,
                                    "count": 739023,
                                    "self": 36.742864600219946,
                                    "children": {
                                        "TorchPolicy.evaluate": {
                                            "total": 984.395722600053,
                                            "count": 731408,
                                            "self": 984.395722600053
                                        }
                                    }
                                },
                                "workers": {
                                    "total": 7.959507799593711,
                                    "count": 739021,
                                    "self": 0.0,
                                    "children": {
                                        "worker_root": {
                                            "total": 5783.812707000407,
                                            "count": 739021,
                                            "is_parallel": true,
                                            "self": 1710.3759203003956,
                                            "children": {
                                                "steps_from_proto": {
                                                    "total": 0.0007425000000003124,
                                                    "count": 3,
                                                    "is_parallel": true,
                                                    "self": 0.00029799999999990945,