{"count":1,"self":1511.5604991999999,"total":2820.1415007,"children":{"InitializeActuators":{"count":1,"self":0.0014991,"total":0.0014991,"children":null},"InitializeSensors":{"count":1,"self":0.0009992,"total":0.0009992,"children":null},"AgentSendState":{"count":3560034,"self":5.4032599999999995,"total":26.75098,"children":{"CollectObservations":{"count":356004,"self":16.2806256,"total":16.2806252,"children":null},"WriteActionMask":{"count":356004,"self":0.2269881,"total":0.2269881,"children":null},"RequestDecision":{"count":356004,"self":1.2057503,"total":4.8401065,"children":{"AgentInfo.ToProto":{"count":356004,"self":1.3821535,"total":3.6343562,"children":{"GenerateSensorData":{"count":356004,"self":2.2522028,"total":2.2522027,"children":null}}}}}}},"DecideAction":{"count":3560034,"self":1251.1628288,"total":1251.1628045999998,"children":null},"AgentAct":{"count":3560034,"self":30.6402112,"total":30.664190599999998,"children":{"AgentInfo.ToProto":{"count":3215,"self":0.0084873999999999991,"total":0.0239779,"children":{"GenerateSensorData":{"count":3215,"self":0.015490499999999999,"total":0.015490499999999999,"children":null}}}}}},"gauges":{"Racer.CumulativeReward":{"count":3215,"max":4.69000149,"min":-3.5400002,"runningAverage":-0.197197959,"value":1.18999958,"weightedAverage":0.142772555}},"metadata":{"timer_format_version":"0.1.0","start_time_seconds":"1718222134","unity_version":"2022.3.10f1","command_line_arguments":"C:\\Program Files\\Unity\\Hub\\Editor\\2022.3.10f1\\Editor\\Unity.exe -projectpath C:\\Users\\Muhammed\\VR_Project -useHub -hubIPC -cloudEnvironment production -licensingIpc LicenseClient-Muhammed -hubSessionId b6bfac46-b534-4569-9e8b-c9262421149c -accessToken T0DH0gGZlUtvsXVUMaPX8Fb1ylujzwMM-yOTujtofO8001f","communication_protocol_version":"1.5.0","com.unity.ml-agents_version":"2.0.1","scene_name":"SampleScene","end_time_seconds":"1718224954"}}